{"val_loss": [7.003283926278106, 6.772159881868582, 6.669278951962706, 6.677708052822765, 6.7489191096321415, 6.891541615209607, 7.098895148188069, 7.306998496168047, 7.550899387240008, 7.8346382101819625, 8.181288699283288, 8.502519974655424, 8.827312707715654, 9.119638385906155, 9.495833516275367, 9.898571422168645, 10.370997046089816, 10.814133643856874, 11.165285694935866, 11.412935159835953, 11.633512454441897, 12.092105871903893, 12.403907689630568, 12.756624557898434, 12.906666831050892, 12.958263130316496, 12.84127768447097, 12.92276048227801, 12.774396648738136, 12.883100216794613, 12.995397096225158, 12.94547149102655, 12.959201122757436, 13.144829321537774, 13.017925277278966], "val_acc": [0.0034865702479338844, 0.0064783622700181395, 0.011401917595231926, 0.01347499352163773, 0.01813941435605079, 0.020989893754858772, 0.022415133454262763, 0.0222855662088624, 0.025783881834672194, 0.025136045607670382, 0.025136045607670382, 0.024488209380668566, 0.02409950764446748, 0.02319253692666494, 0.025265612853070742, 0.023581238662866027, 0.022415133454262763, 0.021508162736460223, 0.020601192018657684, 0.02189686447266131, 0.020989893758720176, 0.018139414359912197, 0.01788027986911147, 0.019823788546255508, 0.01762114537444934, 0.020342057527856956, 0.019694221300855144, 0.020730759264058048, 0.020212490282456596, 0.020342057527856956, 0.020730759264058048, 0.020601192018657684, 0.020082923037056232, 0.01956465405545478, 0.01995335579165587], "loss": [7.206418784741192, 6.818481853840266, 6.518143283148221, 6.226814793730047, 5.963624920550646, 5.73701358811513, 5.470157205618555, 5.187180613208116, 4.896986962126157, 4.606396956691866, 4.31894563024589, 4.040061142815487, 3.771690576680547, 3.5210165141791245, 3.2883939450442847, 3.0699468354754775, 2.8693165376420895, 2.6943228663673766, 2.544962043451272, 2.426760611732163, 2.3249643749064393, 2.2509378159652, 2.1835122434001275, 2.1301071136675622, 2.081587349385853, 2.027751774872435, 1.9960859873062018, 1.9616586567748646, 1.9182293544237419, 1.8988001372072074, 1.8746585692053013, 1.8359073083346689, 1.8123493885598878, 1.7978383881962652, 1.7699981837667877], "acc": [0.001987747653806048, 0.00584947778339009, 0.01406155801411044, 0.030013197986085087, 0.05082039333251226, 0.07439753637580938, 0.10543724439073451, 0.1430759454482028, 0.18864973196840398, 0.2411646815389407, 0.29995274795420973, 0.3606471901300407, 0.42521955908513154, 0.48863506754561187, 0.5501930816560513, 0.611408925754935, 0.667117462080042, 0.7169928144336829, 0.757564401287837, 0.7886529907220238, 0.8154237205305136, 0.8320922881416781, 0.8480276343124118, 0.8582438531533861, 0.8684926596386033, 0.8807618985654221, 0.8859107425089209, 0.8922327407817771, 0.8995323676447877, 0.902041614390693, 0.904469392069209, 0.9104329265331532, 0.914115327578309, 0.9140338585390841, 0.915777296196431]}