{"val_loss": [7.535020050572735, 7.366865679591609, 7.322319662030187, 7.302223653455717, 7.477026930662806, 7.288095296127252, 7.296013920604661, 7.286211505458049, 7.310189351369273, 7.288931524084433, 7.314453103818648, 7.488116069859941, 7.275018846062796, 7.271660157754518, 7.272918679477036, 7.274412453872613, 7.2740670839731525, 7.284435854318855, 7.2726285829568456, 7.2783128094233485, 7.2715314431087155, 7.275302802686785, 7.604750919123809, 7.316218470256218, 7.282373844847125, 7.279092419755653, 7.298421193363048, 7.306525355506062, 7.272138353407599, 7.271465377830724, 7.279338705693192], "val_acc": [0.0, 0.0, 0.00026921523758244715, 0.0, 0.0006730380939561179, 0.0, 0.0008076457127473415, 0.0, 0.0010768609503297886, 0.0010768609503297886, 0.0010768609503297886, 0.0010768609503297886, 0.0010768609503297886, 0.0, 0.0, 0.0005384304751648943, 0.0005384304751648943, 0.0005384304751648943, 0.0005384304751648943, 0.0005384304751648943, 0.0005384304751648943, 0.0005384304751648943, 0.0005384304751648943, 0.0005384304751648943, 0.0005384304751648943, 0.0005384304751648943, 0.0010768609503297886, 0.0005384304751648943, 0.0005384304751648943, 0.0005384304751648943, 0.0], "loss": [8.623215672402155, 7.423906463413195, 7.334438160737408, 7.304109228777622, 7.289388316373104, 7.280851707714565, 7.275302534327952, 7.271225869047019, 7.2680802848614245, 7.265816902335748, 7.263617404065859, 7.261962269145487, 7.26072523332936, 7.2594036595640326, 7.258454879439605, 7.25745928217598, 7.256653380806333, 7.255854134773543, 7.255376233507508, 7.254858902465718, 7.254222211090284, 7.253626957833386, 7.253531325176779, 7.253163082915539, 7.252884293831786, 7.252597147982725, 7.2520767052992, 7.25182107910596, 7.251619895259058, 7.25097860642849, 7.2527701323372975], "acc": [0.0005059523809523809, 0.000625130235465722, 0.0007888548209448397, 0.0008632750870717113, 0.0008781591402970857, 0.0009079272467478344, 0.0008483910338463371, 0.0009228112999732087, 0.0008632750870717113, 0.0009674634596493317, 0.000982347512874706, 0.0010121156193254547, 0.0010716518322269521, 0.0011311880451284494, 0.0011460720983538237, 0.0011758402048045724, 0.001116303991903075, 0.001160956151579198, 0.0011460720983538237, 0.0011014199386777006, 0.0010716518322269521, 0.001026999672550829, 0.0011311880451284494, 0.0010716518322269521, 0.000937695353198583, 0.0011311880451284494, 0.001116303991903075, 0.0011014199386777006, 0.0012056083112553212, 0.0012353764177060697, 0.0009226190476190477]}