{"val_loss": [12.132292465078985, 7.089997205611462, 7.061033371047162, 7.0592807989804705, 7.057058212397348, 7.050055633500762, 7.034518241818138, 7.298388403372703, 7.29832447103094, 7.298667863747492, 7.297814475236791, 7.297738419677964, 7.298047030881912], "val_acc": [0.000536480686695279, 0.0002682403433476395, 0.0005384304751648943, 0.0005384304751648943, 0.0005384304751648943, 0.0005384304751648943, 0.0005384304751648943, 0.000536480686695279, 0.0005384304751648943, 0.0005384304751648943, 0.0005384304751648943, 0.0005384304751648943, 0.0005384304751648943], "loss": [13.71380715869722, 7.213137735412234, 7.065331023869224, 7.043698433691594, 7.050686297588299, 7.057588001028991, 7.046608938151811, 7.2535625183014645, 7.253510865352382, 7.253536745063519, 7.253485063924129, 7.253551415503122, 7.253458685984663], "acc": [0.000818452380952381, 0.0006547619047619047, 0.000625130235465722, 0.0006400142886910964, 0.0006548983419164707, 0.000625130235465722, 0.0006102461822403476, 0.0009672619047619048, 0.000937695353198583, 0.0009972315661000803, 0.0009525794064239574, 0.0009525794064239574, 0.0009228112999732087]}